generacion,mejor_fitness,promedio_fitness,peor_fitness,mejor_lat,mejor_lon
0,0.8381933333837095,0.6191265410280267,0.0,-43.306008895803764,-65.02556983053553
1,0.8381933333837095,0.5405627516466349,0.0,-43.306008895803764,-65.02556983053553
2,0.8381933333837095,0.5992939604790343,0.0,-43.306008895803764,-65.02556983053553
3,0.8381933333837095,0.5680784367661832,0.0,-43.306008895803764,-65.02556983053553
4,0.8421865894076034,0.5805827821911027,0.0,-43.306008895803764,-65.02742517825816
5,0.8421865894076034,0.6197183092510027,0.0,-43.306008895803764,-65.02742517825816
6,0.8421865894076034,0.6461967489435879,0.0,-43.306008895803764,-65.02742517825816
7,0.842376405812784,0.6262683652371835,0.0,-43.3059642319565,-65.02750394050011
8,0.842376405812784,0.6389184536142261,0.0,-43.3059642319565,-65.02750394050011
9,0.844038080616764,0.6492688995405648,0.0,-43.30249591283472,-65.02813275463267
10,0.8441027229601786,0.6818467126867125,0.0,-43.30196440865971,-65.0282373942797
11,0.8546161476362453,0.5557270736621871,0.0,-43.30499038075769,-65.03284212569694
12,0.8547462623297892,0.570146374229132,0.0,-43.30953678222885,-65.03467986617764
13,0.8560882265263059,0.6032006016614148,0.0,-43.308254191335976,-65.03450019093131
14,0.8618946919315872,0.6464927405229153,0.0,-43.30612291120107,-65.03618210415983
15,0.8621138673785186,0.6746335094925405,0.0,-43.30349938113014,-65.03608485789657
16,0.8621138673785186,0.7612415513099207,0.0,-43.30349938113014,-65.03608485789657
17,0.8622402652372658,0.762863120228895,0.0,-43.30524145979803,-65.03614943144296
18,0.8624525640200276,0.7830335950368708,0.0,-43.30411470088175,-65.03618130240355
19,0.8624628670986114,0.7677007155715185,0.0,-43.30634230325438,-65.03648854334718
20,0.8625319540729859,0.7406694092033522,0.0,-43.30448097374799,-65.03621278711594
21,0.8626020121007453,0.7767867806095464,0.0,-43.304788529770214,-65.03625614733839
22,0.8626456008148797,0.7532433420110587,0.0,-43.30509916450923,-65.03630297642562
23,0.8626456008148797,0.7611271612021304,0.0,-43.30509916450923,-65.03630297642562
24,0.8627526475423071,0.7190372527501658,0.0,-43.303874111275235,-65.03632172256843
25,0.863029330457184,0.7912280218087463,0.0,-43.31037019617792,-65.0396373419421
26,0.8655855410724721,0.7719731620093959,0.0,-43.3048699197797,-65.03751621292336
27,0.8656173446579981,0.7581452986192846,0.0,-43.30504259801386,-65.03754529884915
28,0.8656173446579981,0.7828852390190387,0.0,-43.30504259801386,-65.03754529884915
29,0.8660287003676878,0.7899780286910162,0.0,-43.30393354369477,-65.03770562085961
30,0.8661454230394428,0.7658116595190425,0.0,-43.304615332071585,-65.0377361717284
31,0.8673530283483968,0.7794605817693382,0.0,-43.30381151816211,-65.03827565740656
32,0.8679703425871113,0.7614061379994864,0.0,-43.3046474445126,-65.03849631217872
33,0.8680664644517241,0.7796951195208095,0.0,-43.30507737558012,-65.03856715575861
34,0.8680664644517241,0.7574535344733369,0.0,-43.30507737558012,-65.03856715575861
35,0.8680664644517241,0.719719237825353,0.0,-43.30507737558012,-65.03856715575861
36,0.8680664644517241,0.7875352417480702,0.0,-43.30507737558012,-65.03856715575861
37,0.8680664644517241,0.7986977042126797,0.0,-43.30507737558012,-65.03856715575861
38,0.8680664644517261,0.7484115967006022,0.0,-43.30507737558011,-65.03856715575861
39,0.8680664644517261,0.7126271332034027,0.0,-43.30507737558011,-65.03856715575861
40,0.8680664644517261,0.7215128936479696,0.0,-43.30507737558011,-65.03856715575861
41,0.8680664644517261,0.7508863584133668,0.0,-43.30507737558011,-65.03856715575861
42,0.8680664644517261,0.7958130444836781,0.0,-43.30507737558011,-65.03856715575861
43,0.8680664644517261,0.7483840190640056,0.0,-43.30507737558011,-65.03856715575861
44,0.8680664644517261,0.7670707398598453,0.0,-43.30507737558011,-65.03856715575861
45,0.8680664644517261,0.7819559968884174,0.0,-43.30507737558011,-65.03856715575861
46,0.8680664644517261,0.7521073892835678,0.0,-43.30507737558011,-65.03856715575861
47,0.8680664644517261,0.7543146551030511,0.0,-43.30507737558011,-65.03856715575861
48,0.8680664644517261,0.7415712425145823,0.0,-43.30507737558011,-65.03856715575861
49,0.8680664644517261,0.699025533410723,0.0,-43.30507737558011,-65.03856715575861
50,0.8680664644517261,0.7176037065027381,0.0,-43.30507737558011,-65.03856715575861
51,0.8680664644517261,0.7583865132086121,0.0,-43.30507737558011,-65.03856715575861
52,0.8680664644517261,0.740363666198492,0.0,-43.30507737558011,-65.03856715575861
53,0.8680664644517261,0.7275724090968478,0.0,-43.30507737558011,-65.03856715575861
54,0.8680664644517261,0.7191848350942742,0.0,-43.30507737558011,-65.03856715575861
55,0.8680664644517261,0.7414221346319846,0.0,-43.30507737558011,-65.03856715575861
56,0.868108585670389,0.7466206860460615,0.0,-43.30489305325805,-65.03856700761509
57,0.868108585670389,0.7447863430030759,0.0,-43.30489305325805,-65.03856700761509
58,0.868108585670389,0.7562766178101142,0.0,-43.30489305325805,-65.03856700761509
59,0.868108585670389,0.7573314950544743,0.0,-43.30489305325805,-65.03856700761509
60,0.868108585670389,0.7586652085112506,0.0,-43.30489305325805,-65.03856700761509
61,0.868108585670389,0.749553353430193,0.0,-43.30489305325805,-65.03856700761509
62,0.868108585670389,0.7561575700160208,0.0,-43.30489305325805,-65.03856700761509
63,0.868108585670389,0.7876331398843806,0.0,-43.30489305325805,-65.03856700761509
64,0.868108585670389,0.7931532149960383,0.0,-43.30489305325805,-65.03856700761509
65,0.868108585670389,0.7585005660634261,0.0,-43.30489305325805,-65.03856700761509
66,0.868108585670389,0.7422984205337039,0.0,-43.30489305325805,-65.03856700761509
67,0.868108585670389,0.7625889835249339,0.0,-43.30489305325805,-65.03856700761509
68,0.868108585670389,0.7830030441785607,0.0,-43.30489305325805,-65.03856700761509
69,0.868108585670389,0.7674867072864964,0.0,-43.30489305325805,-65.03856700761509
70,0.868108585670389,0.786979333246518,0.0,-43.30489305325805,-65.03856700761509
71,0.868108585670389,0.7717365516812413,0.0,-43.30489305325805,-65.03856700761509
72,0.868108585670389,0.7878784398196731,0.0,-43.30489305325805,-65.03856700761509
73,0.868108585670389,0.7603872689114833,0.0,-43.30489305325805,-65.03856700761509
74,0.868108585670389,0.749399975757847,0.0,-43.30489305325805,-65.03856700761509
75,0.868108585670389,0.7709841823850476,0.0,-43.30489305325805,-65.03856700761509
76,0.868108585670389,0.7578192693263456,0.0,-43.30489305325805,-65.03856700761509
77,0.868108585670389,0.744229358049549,0.0,-43.30489305325805,-65.03856700761509
78,0.868108585670389,0.6936519228775047,0.0,-43.30489305325805,-65.03856700761509
79,0.868108585670389,0.7571258062771179,0.0,-43.30489305325805,-65.03856700761509
80,0.868108585670389,0.7400467426391502,0.0,-43.30489305325805,-65.03856700761509
81,0.868108585670389,0.7632449899900732,0.0,-43.30489305325805,-65.03856700761509
82,0.868108585670389,0.7639329334955824,0.0,-43.30489305325805,-65.03856700761509
83,0.868108585670389,0.739822594787883,0.0,-43.30489305325805,-65.03856700761509
84,0.868108585670389,0.7788269066798883,0.0,-43.30489305325805,-65.03856700761509
85,0.868108585670389,0.7358741985725545,0.0,-43.30489305325805,-65.03856700761509
86,0.868108585670389,0.7772745783472921,0.0,-43.30489305325805,-65.03856700761509
87,0.868108585670389,0.7625187653160586,0.0,-43.30489305325805,-65.03856700761509
88,0.868108585670389,0.7597441621057519,0.0,-43.30489305325805,-65.03856700761509
89,0.868108585670389,0.7506545760434856,0.0,-43.30489305325805,-65.03856700761509
90,0.868108585670389,0.7415727344545505,0.0,-43.30489305325805,-65.03856700761509
91,0.868108585670389,0.7563098709857509,0.0,-43.30489305325805,-65.03856700761509
92,0.8681123894235663,0.7519294463782719,0.0,-43.304872311524086,-65.03856700761513
93,0.8681123894235663,0.7470505453741724,0.0,-43.304872311524086,-65.03856700761513
94,0.8681123894235663,0.769606774169938,0.0,-43.304872311524086,-65.03856700761513
95,0.8681123894235663,0.7400535658119942,0.0,-43.304872311524086,-65.03856700761513
96,0.8681123894235663,0.7372779083129214,0.0,-43.304872311524086,-65.03856700761513
97,0.8681123894235663,0.7616460471974387,0.0,-43.304872311524086,-65.03856700761513
98,0.8681123894235663,0.7214619091655551,0.0,-43.304872311524086,-65.03856700761513
99,0.8681123894235663,0.8017803770973687,0.5225879542680796,-43.304872311524086,-65.03856700761513
100,0.8681123894235663,0.7543572838241963,0.0,-43.304872311524086,-65.03856700761513
101,0.8681123894235675,0.7896720455759904,0.0,-43.30487231152408,-65.03856700761513
102,0.8681123894235675,0.7711819788952263,0.0,-43.30487231152408,-65.03856700761513
103,0.8681123894235675,0.7727547500639644,0.0,-43.30487231152408,-65.03856700761513
104,0.8681123894235675,0.7814090753489709,0.0,-43.30487231152408,-65.03856700761513
105,0.8681123894235675,0.8098444404082469,0.0,-43.30487231152408,-65.03856700761513
106,0.8681123894235675,0.7547473619420737,0.0,-43.30487231152408,-65.03856700761513
107,0.8681123894235675,0.7689232284723186,0.0,-43.30487231152408,-65.03856700761513
108,0.8681123894235675,0.7376457282209792,0.0,-43.30487231152408,-65.03856700761513
109,0.8681123894235675,0.7533267061328985,0.0,-43.30487231152408,-65.03856700761513
110,0.8681123894235675,0.7730707510448829,0.0,-43.30487231152408,-65.03856700761513
111,0.8681123894235675,0.7791398725022626,0.0,-43.30487231152408,-65.03856700761513
112,0.8681123894235675,0.796976315728332,0.0,-43.30487231152408,-65.03856700761513
113,0.8681123894235675,0.7328288270328787,0.0,-43.30487231152408,-65.03856700761513
114,0.8681123894235675,0.7295581753570715,0.0,-43.30487231152408,-65.03856700761513
115,0.8681123894235675,0.7305541178833208,0.0,-43.30487231152408,-65.03856700761513
116,0.8681123894235675,0.791046516282529,0.0,-43.30487231152408,-65.03856700761513
117,0.8681123894235675,0.729815841443406,0.0,-43.30487231152408,-65.03856700761513
118,0.8681123894235675,0.7574415326886863,0.0,-43.30487231152408,-65.03856700761513
119,0.8681123894235675,0.7759945888494792,0.0,-43.30487231152408,-65.03856700761513
120,0.8681123894235675,0.7696418510012095,0.0,-43.30487231152408,-65.03856700761513
121,0.8681123894235675,0.7379950166429994,0.0,-43.30487231152408,-65.03856700761513
122,0.8681123894235675,0.7207198711300434,0.0,-43.30487231152408,-65.03856700761513
123,0.8681123894235675,0.7790074738720091,0.0,-43.30487231152408,-65.03856700761513
124,0.8681123894235675,0.767420869489166,0.0,-43.30487231152408,-65.03856700761513
125,0.8681123894235675,0.7961431400614828,0.0,-43.30487231152408,-65.03856700761513
126,0.8681123894235675,0.7770344490136232,0.0,-43.30487231152408,-65.03856700761513
127,0.8681123894235675,0.771982822214842,0.0,-43.30487231152408,-65.03856700761513
128,0.8681123894235675,0.7599060183973927,0.0,-43.30487231152408,-65.03856700761513
129,0.8681123894235675,0.7769138901522723,0.0,-43.30487231152408,-65.03856700761513
130,0.8681123894235675,0.7682876197452277,0.0,-43.30487231152408,-65.03856700761513
131,0.8681123894235675,0.7697695831923069,0.0,-43.30487231152408,-65.03856700761513
132,0.8681123894235675,0.7326780668991415,0.0,-43.30487231152408,-65.03856700761513
133,0.8681123894235675,0.7423209446487836,0.0,-43.30487231152408,-65.03856700761513
134,0.8681123894235675,0.765638428934884,0.0,-43.30487231152408,-65.03856700761513
135,0.8681123894235675,0.7775670700229468,0.0,-43.30487231152408,-65.03856700761513
136,0.8681123894235675,0.7434273817779266,0.0,-43.30487231152408,-65.03856700761513
137,0.8681123894235675,0.7343674067606785,0.0,-43.30487231152408,-65.03856700761513
138,0.8681123894235675,0.7317881879710402,0.0,-43.30487231152408,-65.03856700761513
139,0.8681123894235675,0.7387696428050684,0.0,-43.30487231152408,-65.03856700761513
140,0.8681123894235675,0.7025894849970105,0.0,-43.30487231152408,-65.03856700761513
141,0.8681123894235675,0.7427254935842603,0.0,-43.30487231152408,-65.03856700761513
142,0.8681123894235675,0.7881725212429131,0.0,-43.30487231152408,-65.03856700761513
143,0.8681123894235675,0.7935422459839708,0.0,-43.30487231152408,-65.03856700761513
144,0.8681123894235675,0.8161423028358469,0.0,-43.30487231152408,-65.03856700761513
145,0.8681123894235675,0.7708363389756181,0.0,-43.30487231152408,-65.03856700761513
146,0.8681123894235675,0.7736711057147012,0.0,-43.30487231152408,-65.03856700761513
147,0.8681123894235675,0.769613498299606,0.0,-43.30487231152408,-65.03856700761513
148,0.8681123894235675,0.7669853746522037,0.0,-43.30487231152408,-65.03856700761513
149,0.8681123894235675,0.7820437585190426,0.0,-43.30487231152408,-65.03856700761513
150,0.8681123894235675,0.7390142027843298,0.0,-43.30487231152408,-65.03856700761513
151,0.8681123894235675,0.768319334658035,0.0,-43.30487231152408,-65.03856700761513
152,0.8681123894235675,0.8063455096254615,0.0,-43.30487231152408,-65.03856700761513
153,0.8681123894235675,0.7650252262084445,0.0,-43.30487231152408,-65.03856700761513
154,0.8681123894235675,0.7516473999634046,0.0,-43.30487231152408,-65.03856700761513
155,0.8681123894235675,0.7613021957747546,0.0,-43.30487231152408,-65.03856700761513
156,0.8681123894235675,0.7826992659728969,0.0,-43.30487231152408,-65.03856700761513
157,0.8681123894235675,0.7979826848277449,0.0,-43.30487231152408,-65.03856700761513
158,0.8681123894235675,0.7811077218841277,0.0,-43.30487231152408,-65.03856700761513
159,0.8681123894235675,0.7383078561720828,0.0,-43.30487231152408,-65.03856700761513
160,0.8681123894235675,0.7871799877389778,0.0,-43.30487231152408,-65.03856700761513
161,0.8681123894235675,0.7722278527516819,0.0,-43.30487231152408,-65.03856700761513
162,0.8681123894235675,0.7834786330653813,0.0,-43.30487231152408,-65.03856700761513
163,0.8681123894235675,0.7277968688839037,0.0,-43.30487231152408,-65.03856700761513
164,0.8681123894235675,0.7572473795071375,0.0,-43.30487231152408,-65.03856700761513
165,0.8681123894235675,0.7171083944839534,0.0,-43.30487231152408,-65.03856700761513
166,0.8681123894235675,0.7241584629984597,0.0,-43.30487231152408,-65.03856700761513
167,0.8681123894236018,0.7730036933748999,0.0,-43.30487231152408,-65.03856700761514
168,0.8681123894236018,0.7548921385922577,0.0,-43.30487231152408,-65.03856700761514
169,0.8681123894236018,0.7726238666212268,0.0,-43.30487231152408,-65.03856700761514
170,0.8681123894236018,0.7464308407287342,0.0,-43.30487231152408,-65.03856700761514
171,0.8681123894236018,0.7426394548907311,0.0,-43.30487231152408,-65.03856700761514
172,0.8681123894236018,0.7552535759764284,0.0,-43.30487231152408,-65.03856700761514
173,0.8681123894236018,0.7513215582666075,0.0,-43.30487231152408,-65.03856700761514
174,0.8681123894236018,0.7511418811128313,0.0,-43.30487231152408,-65.03856700761514
175,0.8681123894236018,0.7645418564297006,0.0,-43.30487231152408,-65.03856700761514
176,0.8681123894236018,0.6828371118445399,0.0,-43.30487231152408,-65.03856700761514
177,0.8681123894236018,0.7691993679808613,0.0,-43.30487231152408,-65.03856700761514
178,0.8681123894236018,0.7827642672259872,0.0,-43.30487231152408,-65.03856700761514
179,0.8681123894236018,0.7470928090300568,0.0,-43.30487231152408,-65.03856700761514
180,0.8681123894236018,0.7215587041587612,0.0,-43.30487231152408,-65.03856700761514
181,0.8681123894236018,0.7741706264309507,0.0,-43.30487231152408,-65.03856700761514
182,0.8681123894236018,0.7468040334385307,0.0,-43.30487231152408,-65.03856700761514
183,0.8681123894236018,0.730976329310887,0.0,-43.30487231152408,-65.03856700761514
184,0.8681123894236018,0.788460367902249,0.0,-43.30487231152408,-65.03856700761514
185,0.8681123894236018,0.7914290323034934,0.0,-43.30487231152408,-65.03856700761514
186,0.8681123894236018,0.7882791938777446,0.0,-43.30487231152408,-65.03856700761514
187,0.8681123894236018,0.7418100148579805,0.0,-43.30487231152408,-65.03856700761514
188,0.8681123894236018,0.7206158546098754,0.0,-43.30487231152408,-65.03856700761514
189,0.8681123894236018,0.7458974781919436,0.0,-43.30487231152408,-65.03856700761514
190,0.8681123894236018,0.7991086231763969,0.0,-43.30487231152408,-65.03856700761514
191,0.8681123894236018,0.74488687517491,0.0,-43.30487231152408,-65.03856700761514
192,0.8681123894236018,0.7245542312805539,0.0,-43.30487231152408,-65.03856700761514
193,0.8681123894236018,0.7786100103565877,0.0,-43.30487231152408,-65.03856700761514
194,0.8681123894236018,0.7661147237859994,0.0,-43.30487231152408,-65.03856700761514
195,0.8681123894236018,0.72464723389785,0.0,-43.30487231152408,-65.03856700761514
196,0.8681123894236018,0.7720263979478723,0.0,-43.30487231152408,-65.03856700761514
197,0.8681123894236018,0.7549088509857894,0.0,-43.30487231152408,-65.03856700761514
198,0.8681123894236018,0.788272029941058,0.0,-43.30487231152408,-65.03856700761514
199,0.8681123894236018,0.7775167927227769,0.0,-43.30487231152408,-65.03856700761514
